Categoria,Descripcion,Cantidad
Distribucion por Genero,M,6874704
Distribucion por Genero,F,7890037
Distribucion por Genero,S.I.,30967
Distribucion por Genero,X,131
Vacunas Aplicadas por Tipo,Moderna ARNm 020 mg mL,31.86%
Vacunas Aplicadas por Tipo,Pfizer,32.08%
Vacunas Aplicadas por Tipo,Moderna 010 mg mL,2.01%
Vacunas Aplicadas por Tipo,Sputnik,6.59%
Vacunas Aplicadas por Tipo,Sinopharm,9.19%
Vacunas Aplicadas por Tipo,Cansino,1.90%
Vacunas Aplicadas por Tipo,Pfizer Pediátrica,1.41%
Vacunas Aplicadas por Tipo,AstraZeneca,6.84%
Vacunas Aplicadas por Tipo,Moderna Bivariante BA 4 5,3.88%
Vacunas Aplicadas por Tipo,Pfizer Bivariante BA 4 5,4.13%
Vacunas Aplicadas por Tipo,Sputnik Light,0.08%
Vacunas Aplicadas por Tipo,Moderna,0.04%
Vacunas Aplicadas por Tipo,COVISHIELD,0.01%
Vacunas Aplicadas por Tipo,ARVAC,0.00%
Dosis por Jurisdiccion de Residencia,Entre Ríos,402676 dosis
Dosis por Jurisdiccion de Residencia,Buenos Aires,5459709 dosis
Dosis por Jurisdiccion de Residencia,La Rioja,138790 dosis
Dosis por Jurisdiccion de Residencia,Río Negro,218329 dosis
Dosis por Jurisdiccion de Residencia,Tierra del Fuego,44399 dosis
Dosis por Jurisdiccion de Residencia,Tucumán,400345 dosis
Dosis por Jurisdiccion de Residencia,Salta,448350 dosis
Dosis por Jurisdiccion de Residencia,Santiago del Estero,302001 dosis
Dosis por Jurisdiccion de Residencia,Córdoba,1029075 dosis
Dosis por Jurisdiccion de Residencia,Corrientes,449349 dosis
Dosis por Jurisdiccion de Residencia,Chaco,302174 dosis
Dosis por Jurisdiccion de Residencia,Santa Fe,1277163 dosis
Dosis por Jurisdiccion de Residencia,La Pampa,134598 dosis
Dosis por Jurisdiccion de Residencia,Mendoza,609264 dosis
Dosis por Jurisdiccion de Residencia,CABA,1723929 dosis
Dosis por Jurisdiccion de Residencia,Santa Cruz,93897 dosis
Dosis por Jurisdiccion de Residencia,Jujuy,263086 dosis
Dosis por Jurisdiccion de Residencia,San Juan,194737 dosis
Dosis por Jurisdiccion de Residencia,Chubut,161824 dosis
Dosis por Jurisdiccion de Residencia,San Luis,178198 dosis
Dosis por Jurisdiccion de Residencia,Neuquén,243392 dosis
Dosis por Jurisdiccion de Residencia,Formosa,207240 dosis
Dosis por Jurisdiccion de Residencia,Catamarca,171292 dosis
Dosis por Jurisdiccion de Residencia,Misiones,232136 dosis
Dosis por Jurisdiccion de Residencia,S.I.,109888 dosis
Segunda Dosis por Jurisdiccion,Tierra del Fuego,4977 dosis
Segunda Dosis por Jurisdiccion,Chaco,70627 dosis
Segunda Dosis por Jurisdiccion,Buenos Aires,700621 dosis
Segunda Dosis por Jurisdiccion,Mendoza,100794 dosis
Segunda Dosis por Jurisdiccion,Neuquén,59115 dosis
Segunda Dosis por Jurisdiccion,Entre Ríos,65930 dosis
Segunda Dosis por Jurisdiccion,Salta,90287 dosis
Segunda Dosis por Jurisdiccion,CABA,119299 dosis
Segunda Dosis por Jurisdiccion,La Pampa,9969 dosis
Segunda Dosis por Jurisdiccion,Jujuy,55179 dosis
Segunda Dosis por Jurisdiccion,Corrientes,87763 dosis
Segunda Dosis por Jurisdiccion,La Rioja,16388 dosis
Segunda Dosis por Jurisdiccion,Córdoba,107692 dosis
Segunda Dosis por Jurisdiccion,Misiones,65858 dosis
Segunda Dosis por Jurisdiccion,Santiago del Estero,57291 dosis
Segunda Dosis por Jurisdiccion,Chubut,26713 dosis
Segunda Dosis por Jurisdiccion,S.I.,19803 dosis
Segunda Dosis por Jurisdiccion,Tucumán,64552 dosis
Segunda Dosis por Jurisdiccion,Santa Fe,104894 dosis
Segunda Dosis por Jurisdiccion,San Luis,19463 dosis
Segunda Dosis por Jurisdiccion,Río Negro,28468 dosis
Segunda Dosis por Jurisdiccion,Formosa,24225 dosis
Segunda Dosis por Jurisdiccion,Catamarca,29511 dosis
Segunda Dosis por Jurisdiccion,Santa Cruz,14365 dosis
Segunda Dosis por Jurisdiccion,San Juan,35460 dosis
Dosis de Refuerzo para Mayores de 60,Refuerzo,1089012
Dosis por Condición de Aplicación,SIN Factores de Riesgo,5426271 dosis
Dosis por Condición de Aplicación,18 a 39 años SIN Factores de Riesgo,1637955 dosis
Dosis por Condición de Aplicación,Salud,375262 dosis
Dosis por Condición de Aplicación,CON Factores de Riesgo,1349274 dosis
Dosis por Condición de Aplicación,40 a 49 años SIN Factores de Riesgo,574787 dosis
Dosis por Condición de Aplicación,3 a 11 años SIN Factores de Riesgo,820096 dosis
Dosis por Condición de Aplicación,50 a 59 años SIN Factores de Riesgo,400953 dosis
Dosis por Condición de Aplicación,18 a 59 años CON Factores de Riesgo,1792172 dosis
Dosis por Condición de Aplicación,Estratégico,363359 dosis
Dosis por Condición de Aplicación,12 a 17 años CON Factores de Riesgo,168787 dosis
Dosis por Condición de Aplicación,12 a 17 años SIN Factores de Riesgo,520051 dosis
Dosis por Condición de Aplicación,60 o más años,1089012 dosis
Dosis por Condición de Aplicación,Otros,218863 dosis
Dosis por Condición de Aplicación,3 a 11 años CON Factores de Riesgo,35169 dosis
Dosis por Condición de Aplicación,Embarazo,15127 dosis
Dosis por Condición de Aplicación,Viaje,8703 dosis
Vacunas Administradas por Fecha,2022-08-08,16798 dosis
Vacunas Administradas por Fecha,2022-02-25,72927 dosis
Vacunas Administradas por Fecha,2022-06-08,50587 dosis
Vacunas Administradas por Fecha,2022-11-16,9043 dosis
Vacunas Administradas por Fecha,2023-02-03,12378 dosis
Vacunas Administradas por Fecha,2023-02-24,10008 dosis
Vacunas Administradas por Fecha,2023-01-03,37697 dosis
Vacunas Administradas por Fecha,2022-03-21,40838 dosis
Vacunas Administradas por Fecha,2022-10-31,4226 dosis
Vacunas Administradas por Fecha,2023-01-13,28715 dosis
Vacunas Administradas por Fecha,2022-11-29,20944 dosis
Vacunas Administradas por Fecha,2022-03-03,45322 dosis
Vacunas Administradas por Fecha,2023-02-02,10942 dosis
Vacunas Administradas por Fecha,2022-07-06,31888 dosis
Vacunas Administradas por Fecha,2022-06-01,56810 dosis
Vacunas Administradas por Fecha,2022-07-29,26201 dosis
Vacunas Administradas por Fecha,2022-11-14,9278 dosis
Vacunas Administradas por Fecha,2022-01-10,183794 dosis
Vacunas Administradas por Fecha,2022-06-06,51677 dosis
Vacunas Administradas por Fecha,2022-05-04,46620 dosis
Vacunas Administradas por Fecha,2022-09-05,10482 dosis
Vacunas Administradas por Fecha,2022-02-18,76806 dosis
Vacunas Administradas por Fecha,2022-06-21,40045 dosis
Vacunas Administradas por Fecha,2022-06-13,48028 dosis
Vacunas Administradas por Fecha,2022-05-09,56107 dosis
Vacunas Administradas por Fecha,2022-11-25,11727 dosis
Vacunas Administradas por Fecha,2022-03-07,54360 dosis
Vacunas Administradas por Fecha,2022-05-23,79224 dosis
Vacunas Administradas por Fecha,2023-01-05,37796 dosis
Vacunas Administradas por Fecha,2022-02-15,78386 dosis
Vacunas Administradas por Fecha,2022-12-14,45905 dosis
Vacunas Administradas por Fecha,2023-01-02,31774 dosis
Vacunas Administradas por Fecha,2022-06-22,38781 dosis
Vacunas Administradas por Fecha,2022-01-04,192439 dosis
Vacunas Administradas por Fecha,2022-07-19,25782 dosis
Vacunas Administradas por Fecha,2022-09-08,9810 dosis
Vacunas Administradas por Fecha,2022-10-20,5066 dosis
Vacunas Administradas por Fecha,2022-02-16,76384 dosis
Vacunas Administradas por Fecha,2022-01-03,172591 dosis
Vacunas Administradas por Fecha,2022-08-27,2665 dosis
Vacunas Administradas por Fecha,2022-05-16,62391 dosis
Vacunas Administradas por Fecha,2022-04-12,24726 dosis
Vacunas Administradas por Fecha,2022-04-18,32664 dosis
Vacunas Administradas por Fecha,2022-04-25,41265 dosis
Vacunas Administradas por Fecha,2024-01-16,4939 dosis
Vacunas Administradas por Fecha,2024-01-19,9228 dosis
Vacunas Administradas por Fecha,2022-05-28,39763 dosis
Vacunas Administradas por Fecha,2023-03-28,4430 dosis
Vacunas Administradas por Fecha,2022-05-02,39627 dosis
Vacunas Administradas por Fecha,2022-12-27,47312 dosis
Vacunas Administradas por Fecha,2024-01-15,5091 dosis
Vacunas Administradas por Fecha,2022-05-27,82332 dosis
Vacunas Administradas por Fecha,2022-05-26,74456 dosis
Vacunas Administradas por Fecha,2022-01-08,97650 dosis
Vacunas Administradas por Fecha,2022-02-03,101036 dosis
Vacunas Administradas por Fecha,2022-03-09,42648 dosis
Vacunas Administradas por Fecha,2022-01-24,131797 dosis
Vacunas Administradas por Fecha,2022-01-26,124353 dosis
Vacunas Administradas por Fecha,2022-02-06,32659 dosis
Vacunas Administradas por Fecha,2022-02-26,25847 dosis
Vacunas Administradas por Fecha,2024-02-20,5966 dosis
Vacunas Administradas por Fecha,2022-01-31,127991 dosis
Vacunas Administradas por Fecha,2022-01-14,150892 dosis
Vacunas Administradas por Fecha,2022-06-04,15782 dosis
Vacunas Administradas por Fecha,2022-02-09,107801 dosis
Vacunas Administradas por Fecha,2023-02-15,9341 dosis
Vacunas Administradas por Fecha,2022-07-04,30469 dosis
Vacunas Administradas por Fecha,2022-07-05,31886 dosis
Vacunas Administradas por Fecha,2023-09-13,4136 dosis
Vacunas Administradas por Fecha,2023-09-15,4207 dosis
Vacunas Administradas por Fecha,2022-01-13,167338 dosis
Vacunas Administradas por Fecha,2022-01-25,124740 dosis
Vacunas Administradas por Fecha,2022-02-21,74809 dosis
Vacunas Administradas por Fecha,2021-05-07,336 dosis
Vacunas Administradas por Fecha,2022-02-14,82702 dosis
Vacunas Administradas por Fecha,2021-12-30,38826 dosis
Vacunas Administradas por Fecha,2022-09-20,7506 dosis
Vacunas Administradas por Fecha,2022-06-09,49498 dosis
Vacunas Administradas por Fecha,2022-08-19,16517 dosis
Vacunas Administradas por Fecha,2021-12-20,18467 dosis
Vacunas Administradas por Fecha,2022-03-11,45235 dosis
Vacunas Administradas por Fecha,2022-02-01,123149 dosis
Vacunas Administradas por Fecha,2022-08-18,16656 dosis
Vacunas Administradas por Fecha,2021-12-14,10775 dosis
Vacunas Administradas por Fecha,2022-01-06,195292 dosis
Vacunas Administradas por Fecha,2022-01-19,139485 dosis
Vacunas Administradas por Fecha,2022-02-07,103446 dosis
Vacunas Administradas por Fecha,2021-12-21,17801 dosis
Vacunas Administradas por Fecha,2022-01-21,134316 dosis
Vacunas Administradas por Fecha,2023-09-22,3439 dosis
Vacunas Administradas por Fecha,2023-09-25,3024 dosis
Vacunas Administradas por Fecha,2024-04-30,3672 dosis
Vacunas Administradas por Fecha,2022-01-18,148071 dosis
Vacunas Administradas por Fecha,2022-01-12,179667 dosis
Vacunas Administradas por Fecha,2024-05-23,2256 dosis
Vacunas Administradas por Fecha,2024-06-06,2472 dosis
Vacunas Administradas por Fecha,2022-04-20,40650 dosis
Vacunas Administradas por Fecha,2022-05-06,54234 dosis
Vacunas Administradas por Fecha,2021-11-30,8207 dosis
Vacunas Administradas por Fecha,2022-02-04,116562 dosis
Vacunas Administradas por Fecha,2022-04-29,47276 dosis
Vacunas Administradas por Fecha,2023-04-17,4224 dosis
Vacunas Administradas por Fecha,2022-05-03,45046 dosis
Vacunas Administradas por Fecha,2022-04-21,38526 dosis
Vacunas Administradas por Fecha,2022-04-04,27379 dosis
Vacunas Administradas por Fecha,2022-05-05,55143 dosis
Vacunas Administradas por Fecha,2022-02-11,87315 dosis
Vacunas Administradas por Fecha,2022-02-22,74206 dosis
Vacunas Administradas por Fecha,2022-01-27,127652 dosis
Vacunas Administradas por Fecha,2022-01-09,59386 dosis
Vacunas Administradas por Fecha,2022-01-28,125568 dosis
Vacunas Administradas por Fecha,2022-02-10,96125 dosis
Vacunas Administradas por Fecha,2021-12-22,15555 dosis
Vacunas Administradas por Fecha,2024-02-23,6202 dosis
Vacunas Administradas por Fecha,2022-01-17,152725 dosis
Vacunas Administradas por Fecha,2022-01-07,204152 dosis
Vacunas Administradas por Fecha,2022-01-16,48142 dosis
Vacunas Administradas por Fecha,2022-01-15,66817 dosis
Vacunas Administradas por Fecha,2022-01-22,62889 dosis
Vacunas Administradas por Fecha,2021-10-21,3220 dosis
Vacunas Administradas por Fecha,2022-04-03,5227 dosis
Vacunas Administradas por Fecha,2022-03-18,43782 dosis
Vacunas Administradas por Fecha,2022-01-29,56613 dosis
Vacunas Administradas por Fecha,2022-02-17,75342 dosis
Vacunas Administradas por Fecha,2022-05-30,69983 dosis
Vacunas Administradas por Fecha,2023-01-25,14803 dosis
Vacunas Administradas por Fecha,2023-01-26,14828 dosis
Vacunas Administradas por Fecha,2022-10-24,4540 dosis
Vacunas Administradas por Fecha,2022-03-15,45096 dosis
Vacunas Administradas por Fecha,2022-03-24,8359 dosis
Vacunas Administradas por Fecha,2022-09-07,10570 dosis
Vacunas Administradas por Fecha,2022-06-03,62674 dosis
Vacunas Administradas por Fecha,2021-12-04,1880 dosis
Vacunas Administradas por Fecha,2022-07-20,21986 dosis
Vacunas Administradas por Fecha,2022-06-23,38624 dosis
Vacunas Administradas por Fecha,2022-02-23,73549 dosis
Vacunas Administradas por Fecha,2022-03-02,47900 dosis
Vacunas Administradas por Fecha,2022-03-26,16935 dosis
Vacunas Administradas por Fecha,2022-05-12,59537 dosis
Vacunas Administradas por Fecha,2022-05-29,20229 dosis
Vacunas Administradas por Fecha,2023-01-04,41289 dosis
Vacunas Administradas por Fecha,2024-02-29,4558 dosis
Vacunas Administradas por Fecha,2022-04-05,26663 dosis
Vacunas Administradas por Fecha,2022-12-06,44713 dosis
Vacunas Administradas por Fecha,2024-02-16,7005 dosis
Vacunas Administradas por Fecha,2023-05-31,2732 dosis
Vacunas Administradas por Fecha,2023-05-04,4190 dosis
Vacunas Administradas por Fecha,2022-04-06,25052 dosis
Vacunas Administradas por Fecha,2022-12-12,45836 dosis
Vacunas Administradas por Fecha,2022-05-20,74292 dosis
Vacunas Administradas por Fecha,2022-12-21,40881 dosis
Vacunas Administradas por Fecha,2023-02-25,1745 dosis
Vacunas Administradas por Fecha,2022-06-14,50987 dosis
Vacunas Administradas por Fecha,2022-12-30,8215 dosis
Vacunas Administradas por Fecha,2022-12-26,39609 dosis
Vacunas Administradas por Fecha,2022-12-13,43379 dosis
Vacunas Administradas por Fecha,2023-07-04,1965 dosis
Vacunas Administradas por Fecha,2024-01-17,6899 dosis
Vacunas Administradas por Fecha,2022-12-01,25644 dosis
Vacunas Administradas por Fecha,2022-11-10,8898 dosis
Vacunas Administradas por Fecha,2022-04-22,41239 dosis
Vacunas Administradas por Fecha,2022-07-07,32592 dosis
Vacunas Administradas por Fecha,2022-06-27,23910 dosis
Vacunas Administradas por Fecha,2022-08-12,20477 dosis
Vacunas Administradas por Fecha,2023-02-09,10589 dosis
Vacunas Administradas por Fecha,2022-06-28,36151 dosis
Vacunas Administradas por Fecha,2022-06-24,41973 dosis
Vacunas Administradas por Fecha,2023-07-13,1790 dosis
Vacunas Administradas por Fecha,2023-01-30,12461 dosis
Vacunas Administradas por Fecha,2022-12-17,9931 dosis
Vacunas Administradas por Fecha,2023-11-07,1973 dosis
Vacunas Administradas por Fecha,2022-12-22,33536 dosis
Vacunas Administradas por Fecha,2022-01-05,194205 dosis
Vacunas Administradas por Fecha,2022-11-03,7046 dosis
Vacunas Administradas por Fecha,2023-01-17,18890 dosis
Vacunas Administradas por Fecha,2023-02-10,10827 dosis
Vacunas Administradas por Fecha,2022-01-11,178464 dosis
Vacunas Administradas por Fecha,2023-08-16,1861 dosis
Vacunas Administradas por Fecha,2022-03-16,42623 dosis
Vacunas Administradas por Fecha,2022-05-13,71930 dosis
Vacunas Administradas por Fecha,2024-01-31,9137 dosis
Vacunas Administradas por Fecha,2022-12-16,49178 dosis
Vacunas Administradas por Fecha,2022-03-22,37270 dosis
Vacunas Administradas por Fecha,2021-12-13,8590 dosis
Vacunas Administradas por Fecha,2023-07-06,2131 dosis
Vacunas Administradas por Fecha,2022-03-23,40268 dosis
Vacunas Administradas por Fecha,2021-12-27,21460 dosis
Vacunas Administradas por Fecha,2022-05-31,67043 dosis
Vacunas Administradas por Fecha,2023-01-31,13335 dosis
Vacunas Administradas por Fecha,2024-04-09,4221 dosis
Vacunas Administradas por Fecha,2022-08-22,15310 dosis
Vacunas Administradas por Fecha,2021-11-16,4728 dosis
Vacunas Administradas por Fecha,2022-12-29,35697 dosis
Vacunas Administradas por Fecha,2023-06-07,2568 dosis
Vacunas Administradas por Fecha,2022-05-19,69832 dosis
Vacunas Administradas por Fecha,2023-04-20,4507 dosis
Vacunas Administradas por Fecha,2022-07-28,22717 dosis
Vacunas Administradas por Fecha,2022-11-28,14537 dosis
Vacunas Administradas por Fecha,2024-06-11,2305 dosis
Vacunas Administradas por Fecha,2022-06-29,36081 dosis
Vacunas Administradas por Fecha,2023-01-23,14038 dosis
Vacunas Administradas por Fecha,2021-12-07,6885 dosis
Vacunas Administradas por Fecha,2022-04-28,46294 dosis
Vacunas Administradas por Fecha,2021-12-10,7640 dosis
Vacunas Administradas por Fecha,2021-10-22,3661 dosis
Vacunas Administradas por Fecha,2022-06-10,53912 dosis
Vacunas Administradas por Fecha,2021-07-07,909 dosis
Vacunas Administradas por Fecha,2022-10-29,620 dosis
Vacunas Administradas por Fecha,2022-03-31,33958 dosis
Vacunas Administradas por Fecha,2022-08-05,20091 dosis
Vacunas Administradas por Fecha,2022-06-15,49823 dosis
Vacunas Administradas por Fecha,2022-03-14,37852 dosis
Vacunas Administradas por Fecha,2022-11-18,8732 dosis
Vacunas Administradas por Fecha,2022-05-14,31233 dosis
Vacunas Administradas por Fecha,2023-05-16,3151 dosis
Vacunas Administradas por Fecha,2021-09-06,2669 dosis
Vacunas Administradas por Fecha,2023-02-14,8633 dosis
Vacunas Administradas por Fecha,2023-07-26,1773 dosis
Vacunas Administradas por Fecha,2022-10-12,4907 dosis
Vacunas Administradas por Fecha,2023-10-31,1882 dosis
Vacunas Administradas por Fecha,2023-11-01,1835 dosis
Vacunas Administradas por Fecha,2023-10-12,3625 dosis
Vacunas Administradas por Fecha,2023-02-16,9167 dosis
Vacunas Administradas por Fecha,2023-01-24,14609 dosis
Vacunas Administradas por Fecha,2024-02-05,7910 dosis
Vacunas Administradas por Fecha,2024-02-06,7779 dosis
Vacunas Administradas por Fecha,2022-11-17,8505 dosis
Vacunas Administradas por Fecha,2023-02-07,10248 dosis
Vacunas Administradas por Fecha,2023-01-06,35777 dosis
Vacunas Administradas por Fecha,2023-02-17,9054 dosis
Vacunas Administradas por Fecha,2023-01-18,19569 dosis
Vacunas Administradas por Fecha,2022-12-20,13409 dosis
Vacunas Administradas por Fecha,2022-12-28,44939 dosis
Vacunas Administradas por Fecha,2022-12-19,35782 dosis
Vacunas Administradas por Fecha,2023-02-01,12776 dosis
Vacunas Administradas por Fecha,2022-12-05,36204 dosis
Vacunas Administradas por Fecha,2023-05-13,797 dosis
Vacunas Administradas por Fecha,2024-02-07,7501 dosis
Vacunas Administradas por Fecha,2024-02-08,7236 dosis
Vacunas Administradas por Fecha,2022-06-07,50116 dosis
Vacunas Administradas por Fecha,2023-01-12,29108 dosis
Vacunas Administradas por Fecha,2023-12-01,1220 dosis
Vacunas Administradas por Fecha,2022-07-02,9609 dosis
Vacunas Administradas por Fecha,2022-07-11,26565 dosis
Vacunas Administradas por Fecha,2023-09-19,3748 dosis
Vacunas Administradas por Fecha,2022-08-24,15370 dosis
Vacunas Administradas por Fecha,2023-01-09,31046 dosis
Vacunas Administradas por Fecha,2022-08-25,13768 dosis
Vacunas Administradas por Fecha,2022-06-02,57919 dosis
Vacunas Administradas por Fecha,2022-03-17,41624 dosis
Vacunas Administradas por Fecha,2022-02-19,31614 dosis
Vacunas Administradas por Fecha,2022-04-08,26733 dosis
Vacunas Administradas por Fecha,2022-06-30,35372 dosis
Vacunas Administradas por Fecha,2023-06-02,2873 dosis
Vacunas Administradas por Fecha,2023-07-03,1851 dosis
Vacunas Administradas por Fecha,2021-12-01,8034 dosis
Vacunas Administradas por Fecha,2022-05-24,74275 dosis
Vacunas Administradas por Fecha,2022-04-11,24036 dosis
Vacunas Administradas por Fecha,2022-12-10,9072 dosis
Vacunas Administradas por Fecha,2022-09-15,8853 dosis
Vacunas Administradas por Fecha,2023-03-01,5108 dosis
Vacunas Administradas por Fecha,2022-09-14,9360 dosis
Vacunas Administradas por Fecha,2022-05-10,63508 dosis
Vacunas Administradas por Fecha,2022-01-02,36605 dosis
Vacunas Administradas por Fecha,2024-02-02,8460 dosis
Vacunas Administradas por Fecha,2022-10-04,5671 dosis
Vacunas Administradas por Fecha,2022-11-07,8635 dosis
Vacunas Administradas por Fecha,2022-05-11,57081 dosis
Vacunas Administradas por Fecha,2022-10-21,5491 dosis
Vacunas Administradas por Fecha,2023-01-11,31220 dosis
Vacunas Administradas por Fecha,2022-05-22,18270 dosis
Vacunas Administradas por Fecha,2022-02-12,44767 dosis
Vacunas Administradas por Fecha,2022-02-02,115307 dosis
Vacunas Administradas por Fecha,2022-01-20,137930 dosis
Vacunas Administradas por Fecha,2022-03-13,10193 dosis
Vacunas Administradas por Fecha,2022-03-08,36813 dosis
Vacunas Administradas por Fecha,2023-03-15,3521 dosis
Vacunas Administradas por Fecha,2024-01-29,9745 dosis
Vacunas Administradas por Fecha,2022-02-24,61697 dosis
Vacunas Administradas por Fecha,2022-03-04,44910 dosis
Vacunas Administradas por Fecha,2022-08-23,14885 dosis
Vacunas Administradas por Fecha,2022-07-10,4682 dosis
Vacunas Administradas por Fecha,2022-04-26,38700 dosis
Vacunas Administradas por Fecha,2022-05-17,73554 dosis
Vacunas Administradas por Fecha,2022-04-27,40896 dosis
Vacunas Administradas por Fecha,2022-02-08,98611 dosis
Vacunas Administradas por Fecha,2022-04-02,8576 dosis
Vacunas Administradas por Fecha,2023-11-29,1350 dosis
Vacunas Administradas por Fecha,2023-11-13,1486 dosis
Vacunas Administradas por Fecha,2023-04-13,4204 dosis
Vacunas Administradas por Fecha,2022-01-23,43252 dosis
Vacunas Administradas por Fecha,2022-09-09,10733 dosis
Vacunas Administradas por Fecha,2021-11-19,4908 dosis
Vacunas Administradas por Fecha,2022-08-16,16121 dosis
Vacunas Administradas por Fecha,2024-01-25,9629 dosis
Vacunas Administradas por Fecha,2022-11-09,9524 dosis
Vacunas Administradas por Fecha,2023-06-28,2022 dosis
Vacunas Administradas por Fecha,2021-09-26,256 dosis
Vacunas Administradas por Fecha,2022-11-02,5563 dosis
Vacunas Administradas por Fecha,2023-04-27,5099 dosis
Vacunas Administradas por Fecha,2023-05-29,2477 dosis
Vacunas Administradas por Fecha,2023-01-10,31257 dosis
Vacunas Administradas por Fecha,2024-02-09,7744 dosis
Vacunas Administradas por Fecha,2022-08-11,18156 dosis
Vacunas Administradas por Fecha,2023-02-11,2563 dosis
Vacunas Administradas por Fecha,2023-01-19,15288 dosis
Vacunas Administradas por Fecha,2023-05-17,3410 dosis
Vacunas Administradas por Fecha,2023-05-03,3334 dosis
Vacunas Administradas por Fecha,2024-04-19,4463 dosis
Vacunas Administradas por Fecha,2023-05-10,3614 dosis
Vacunas Administradas por Fecha,2023-04-10,4072 dosis
Vacunas Administradas por Fecha,2022-08-09,17077 dosis
Vacunas Administradas por Fecha,2022-08-30,11181 dosis
Vacunas Administradas por Fecha,2022-08-31,11386 dosis
Vacunas Administradas por Fecha,2022-03-05,20898 dosis
Vacunas Administradas por Fecha,2021-12-28,35735 dosis
Vacunas Administradas por Fecha,2022-09-22,8477 dosis
Vacunas Administradas por Fecha,2023-10-18,3202 dosis
Vacunas Administradas por Fecha,2022-06-16,52243 dosis
Vacunas Administradas por Fecha,2023-06-09,2718 dosis
Vacunas Administradas por Fecha,2022-02-28,16122 dosis
Vacunas Administradas por Fecha,2023-05-11,3569 dosis
Vacunas Administradas por Fecha,2022-07-30,5437 dosis
Vacunas Administradas por Fecha,2024-01-24,5694 dosis
Vacunas Administradas por Fecha,2022-05-07,20614 dosis
Vacunas Administradas por Fecha,2023-01-07,5502 dosis
Vacunas Administradas por Fecha,2022-12-07,43218 dosis
Vacunas Administradas por Fecha,2023-10-25,2342 dosis
Vacunas Administradas por Fecha,2021-11-25,6641 dosis
Vacunas Administradas por Fecha,2022-04-19,36386 dosis
Vacunas Administradas por Fecha,2021-05-27,457 dosis
Vacunas Administradas por Fecha,2024-08-15,1048 dosis
Vacunas Administradas por Fecha,2022-12-15,47014 dosis
Vacunas Administradas por Fecha,2024-03-04,4088 dosis
Vacunas Administradas por Fecha,2021-10-24,467 dosis
Vacunas Administradas por Fecha,2022-03-06,19735 dosis
Vacunas Administradas por Fecha,2021-12-17,12207 dosis
Vacunas Administradas por Fecha,2024-01-12,4579 dosis
Vacunas Administradas por Fecha,2023-06-30,2103 dosis
Vacunas Administradas por Fecha,2022-06-11,13801 dosis
Vacunas Administradas por Fecha,2022-09-06,11029 dosis
Vacunas Administradas por Fecha,2022-07-18,22604 dosis
Vacunas Administradas por Fecha,2022-03-28,36788 dosis
Vacunas Administradas por Fecha,2022-05-21,39365 dosis
Vacunas Administradas por Fecha,2024-01-10,3022 dosis
Vacunas Administradas por Fecha,2021-12-09,7246 dosis
Vacunas Administradas por Fecha,2022-02-05,49099 dosis
Vacunas Administradas por Fecha,2022-09-12,9208 dosis
Vacunas Administradas por Fecha,2023-05-23,2870 dosis
Vacunas Administradas por Fecha,2022-03-30,32223 dosis
Vacunas Administradas por Fecha,2023-01-16,22644 dosis
Vacunas Administradas por Fecha,2021-12-12,2153 dosis
Vacunas Administradas por Fecha,2022-03-19,23354 dosis
Vacunas Administradas por Fecha,2023-03-10,5113 dosis
Vacunas Administradas por Fecha,2023-09-04,1959 dosis
Vacunas Administradas por Fecha,2024-08-21,653 dosis
Vacunas Administradas por Fecha,2022-08-01,16114 dosis
Vacunas Administradas por Fecha,2022-08-03,15675 dosis
Vacunas Administradas por Fecha,2021-11-22,1165 dosis
Vacunas Administradas por Fecha,2022-07-01,35944 dosis
Vacunas Administradas por Fecha,2022-11-30,24295 dosis
Vacunas Administradas por Fecha,2023-06-05,2291 dosis
Vacunas Administradas por Fecha,2021-12-23,12084 dosis
Vacunas Administradas por Fecha,2023-03-29,4179 dosis
Vacunas Administradas por Fecha,2022-04-07,23682 dosis
Vacunas Administradas por Fecha,2022-12-04,2511 dosis
Vacunas Administradas por Fecha,2024-04-17,3955 dosis
Vacunas Administradas por Fecha,2023-02-06,10276 dosis
Vacunas Administradas por Fecha,2023-02-27,7893 dosis
Vacunas Administradas por Fecha,2023-08-09,1399 dosis
Vacunas Administradas por Fecha,2023-07-20,1498 dosis
Vacunas Administradas por Fecha,2024-01-26,10375 dosis
Vacunas Administradas por Fecha,2023-01-20,17181 dosis
Vacunas Administradas por Fecha,2023-02-08,10467 dosis
Vacunas Administradas por Fecha,2022-08-17,16198 dosis
Vacunas Administradas por Fecha,2023-04-22,1647 dosis
Vacunas Administradas por Fecha,2022-10-08,640 dosis
Vacunas Administradas por Fecha,2022-10-27,4869 dosis
Vacunas Administradas por Fecha,2022-08-10,18196 dosis
Vacunas Administradas por Fecha,2024-04-23,4418 dosis
Vacunas Administradas por Fecha,2024-04-18,4513 dosis
Vacunas Administradas por Fecha,2023-06-03,784 dosis
Vacunas Administradas por Fecha,2022-04-14,8203 dosis
Vacunas Administradas por Fecha,2024-02-14,6267 dosis
Vacunas Administradas por Fecha,2023-01-15,1881 dosis
Vacunas Administradas por Fecha,2022-04-30,16699 dosis
Vacunas Administradas por Fecha,2021-12-26,1887 dosis
Vacunas Administradas por Fecha,2021-12-29,37427 dosis
Vacunas Administradas por Fecha,2021-06-23,473 dosis
Vacunas Administradas por Fecha,2021-08-27,2145 dosis
Vacunas Administradas por Fecha,2022-11-11,9723 dosis
Vacunas Administradas por Fecha,2022-12-02,30060 dosis
Vacunas Administradas por Fecha,2023-10-05,4869 dosis
Vacunas Administradas por Fecha,2021-09-03,1965 dosis
Vacunas Administradas por Fecha,2022-07-15,24574 dosis
Vacunas Administradas por Fecha,2022-07-12,28504 dosis
Vacunas Administradas por Fecha,2022-09-23,8726 dosis
Vacunas Administradas por Fecha,2023-03-07,4723 dosis
Vacunas Administradas por Fecha,2022-05-25,12823 dosis
Vacunas Administradas por Fecha,2022-11-24,10218 dosis
Vacunas Administradas por Fecha,2021-12-31,3793 dosis
Vacunas Administradas por Fecha,2022-10-05,5636 dosis
Vacunas Administradas por Fecha,2022-04-16,8290 dosis
Vacunas Administradas por Fecha,2022-04-13,27221 dosis
Vacunas Administradas por Fecha,2022-05-08,10569 dosis
Vacunas Administradas por Fecha,2022-03-10,42044 dosis
Vacunas Administradas por Fecha,2022-08-13,4091 dosis
Vacunas Administradas por Fecha,2023-04-11,4314 dosis
Vacunas Administradas por Fecha,2023-03-22,4385 dosis
Vacunas Administradas por Fecha,2021-10-14,3073 dosis
Vacunas Administradas por Fecha,2023-06-08,2564 dosis
Vacunas Administradas por Fecha,2022-10-25,4678 dosis
Vacunas Administradas por Fecha,2024-03-11,2900 dosis
Vacunas Administradas por Fecha,2022-08-04,15058 dosis
Vacunas Administradas por Fecha,2021-08-23,2144 dosis
Vacunas Administradas por Fecha,2021-11-29,5758 dosis
Vacunas Administradas por Fecha,2022-09-27,6843 dosis
Vacunas Administradas por Fecha,2022-09-19,7361 dosis
Vacunas Administradas por Fecha,2022-09-13,9530 dosis
Vacunas Administradas por Fecha,2022-10-19,4756 dosis
Vacunas Administradas por Fecha,2022-07-14,26806 dosis
Vacunas Administradas por Fecha,2023-10-09,4002 dosis
Vacunas Administradas por Fecha,2024-04-15,3296 dosis
Vacunas Administradas por Fecha,2023-10-02,6287 dosis
Vacunas Administradas por Fecha,2024-04-10,4301 dosis
Vacunas Administradas por Fecha,2022-02-27,12558 dosis
Vacunas Administradas por Fecha,2024-07-01,1109 dosis
Vacunas Administradas por Fecha,2021-06-09,761 dosis
Vacunas Administradas por Fecha,2024-03-05,4035 dosis
Vacunas Administradas por Fecha,2023-09-28,4201 dosis
Vacunas Administradas por Fecha,2021-12-18,4661 dosis
Vacunas Administradas por Fecha,2021-09-28,1672 dosis
Vacunas Administradas por Fecha,2023-01-21,3266 dosis
Vacunas Administradas por Fecha,2022-08-02,17044 dosis
Vacunas Administradas por Fecha,2024-02-28,5107 dosis
Vacunas Administradas por Fecha,2023-09-05,2619 dosis
Vacunas Administradas por Fecha,2023-01-28,3137 dosis
Vacunas Administradas por Fecha,2021-09-04,1055 dosis
Vacunas Administradas por Fecha,2022-07-23,5093 dosis
Vacunas Administradas por Fecha,2022-03-20,11057 dosis
Vacunas Administradas por Fecha,2022-03-25,38468 dosis
Vacunas Administradas por Fecha,2024-01-23,11332 dosis
Vacunas Administradas por Fecha,2022-12-08,6561 dosis
Vacunas Administradas por Fecha,2024-07-29,953 dosis
Vacunas Administradas por Fecha,2023-01-08,1863 dosis
Vacunas Administradas por Fecha,2023-05-09,3883 dosis
Vacunas Administradas por Fecha,2021-09-30,1765 dosis
Vacunas Administradas por Fecha,2022-07-22,25178 dosis
Vacunas Administradas por Fecha,2022-07-17,3336 dosis
Vacunas Administradas por Fecha,2022-03-12,20165 dosis
Vacunas Administradas por Fecha,2023-03-31,4543 dosis
Vacunas Administradas por Fecha,2022-07-13,28373 dosis
Vacunas Administradas por Fecha,2023-05-22,2380 dosis
Vacunas Administradas por Fecha,2022-08-29,12018 dosis
Vacunas Administradas por Fecha,2022-03-29,33574 dosis
Vacunas Administradas por Fecha,2021-06-01,722 dosis
Vacunas Administradas por Fecha,2021-07-02,715 dosis
Vacunas Administradas por Fecha,2024-06-15,172 dosis
Vacunas Administradas por Fecha,2024-06-26,1273 dosis
Vacunas Administradas por Fecha,2022-12-09,5903 dosis
Vacunas Administradas por Fecha,2023-05-30,2833 dosis
Vacunas Administradas por Fecha,2024-08-23,822 dosis
Vacunas Administradas por Fecha,2024-08-30,662 dosis
Vacunas Administradas por Fecha,2022-11-08,8884 dosis
Vacunas Administradas por Fecha,2023-05-18,3046 dosis
Vacunas Administradas por Fecha,2021-10-02,735 dosis
Vacunas Administradas por Fecha,2024-03-26,2927 dosis
Vacunas Administradas por Fecha,2023-03-03,5628 dosis
Vacunas Administradas por Fecha,2024-02-19,5976 dosis
Vacunas Administradas por Fecha,2024-03-18,2533 dosis
Vacunas Administradas por Fecha,2022-09-28,6404 dosis
Vacunas Administradas por Fecha,2023-03-23,4895 dosis
Vacunas Administradas por Fecha,2024-07-18,1344 dosis
Vacunas Administradas por Fecha,2024-06-03,2075 dosis
Vacunas Administradas por Fecha,2024-04-05,4152 dosis
Vacunas Administradas por Fecha,2021-08-16,621 dosis
Vacunas Administradas por Fecha,2022-03-01,15672 dosis
Vacunas Administradas por Fecha,2024-04-29,4120 dosis
Vacunas Administradas por Fecha,2022-09-29,6880 dosis
Vacunas Administradas por Fecha,2022-11-05,1370 dosis
Vacunas Administradas por Fecha,2021-11-18,4956 dosis
Vacunas Administradas por Fecha,2023-04-12,4469 dosis
Vacunas Administradas por Fecha,2023-04-18,4078 dosis
Vacunas Administradas por Fecha,2024-06-18,1604 dosis
Vacunas Administradas por Fecha,2021-08-17,1269 dosis
Vacunas Administradas por Fecha,2023-10-19,3122 dosis
Vacunas Administradas por Fecha,2022-08-06,3543 dosis
Vacunas Administradas por Fecha,2023-04-29,1299 dosis
Vacunas Administradas por Fecha,2022-06-25,10561 dosis
Vacunas Administradas por Fecha,2024-02-15,6576 dosis
Vacunas Administradas por Fecha,2022-11-15,9630 dosis
Vacunas Administradas por Fecha,2023-04-26,5011 dosis
Vacunas Administradas por Fecha,2021-07-01,1012 dosis
Vacunas Administradas por Fecha,2024-05-10,3130 dosis
Vacunas Administradas por Fecha,2021-12-16,12834 dosis
Vacunas Administradas por Fecha,2024-04-24,4796 dosis
Vacunas Administradas por Fecha,2021-08-20,1510 dosis
Vacunas Administradas por Fecha,2022-11-22,6680 dosis
Vacunas Administradas por Fecha,2023-04-03,4027 dosis
Vacunas Administradas por Fecha,2022-06-18,9616 dosis
Vacunas Administradas por Fecha,2021-12-19,2490 dosis
Vacunas Administradas por Fecha,2021-08-24,1528 dosis
Vacunas Administradas por Fecha,2023-05-15,3338 dosis
Vacunas Administradas por Fecha,2021-11-12,4398 dosis
Vacunas Administradas por Fecha,2022-04-24,6280 dosis
Vacunas Administradas por Fecha,2022-04-23,15284 dosis
Vacunas Administradas por Fecha,2023-10-03,6039 dosis
Vacunas Administradas por Fecha,2022-11-23,8538 dosis
Vacunas Administradas por Fecha,2022-10-06,6533 dosis
Vacunas Administradas por Fecha,2024-04-16,3643 dosis
Vacunas Administradas por Fecha,2024-08-26,912 dosis
Vacunas Administradas por Fecha,2023-09-18,3665 dosis
Vacunas Administradas por Fecha,2023-09-08,4164 dosis
Vacunas Administradas por Fecha,2023-05-05,4359 dosis
Vacunas Administradas por Fecha,2022-12-23,10568 dosis
Vacunas Administradas por Fecha,2023-06-29,2011 dosis
Vacunas Administradas por Fecha,2023-03-27,4238 dosis
Vacunas Administradas por Fecha,2022-06-20,6601 dosis
Vacunas Administradas por Fecha,2022-07-21,22454 dosis
Vacunas Administradas por Fecha,2022-07-26,22790 dosis
Vacunas Administradas por Fecha,2022-10-14,5142 dosis
Vacunas Administradas por Fecha,2022-11-01,4825 dosis
Vacunas Administradas por Fecha,2022-10-28,4644 dosis
Vacunas Administradas por Fecha,2023-07-15,379 dosis
Vacunas Administradas por Fecha,2021-07-26,683 dosis
Vacunas Administradas por Fecha,2021-10-28,3200 dosis
Vacunas Administradas por Fecha,2022-02-20,19625 dosis
Vacunas Administradas por Fecha,2022-05-15,14396 dosis
Vacunas Administradas por Fecha,2021-05-26,385 dosis
Vacunas Administradas por Fecha,2023-02-05,1061 dosis
Vacunas Administradas por Fecha,2022-04-01,31231 dosis
Vacunas Administradas por Fecha,2023-07-17,1635 dosis
Vacunas Administradas por Fecha,2023-07-11,1926 dosis
Vacunas Administradas por Fecha,2023-08-14,1139 dosis
Vacunas Administradas por Fecha,2024-02-01,7647 dosis
Vacunas Administradas por Fecha,2023-04-25,4883 dosis
Vacunas Administradas por Fecha,2023-02-18,2273 dosis
Vacunas Administradas por Fecha,2023-04-24,4453 dosis
Vacunas Administradas por Fecha,2024-01-27,1026 dosis
Vacunas Administradas por Fecha,2023-08-02,1512 dosis
Vacunas Administradas por Fecha,2023-07-19,1633 dosis
Vacunas Administradas por Fecha,2023-08-25,2362 dosis
Vacunas Administradas por Fecha,2022-08-20,3203 dosis
Vacunas Administradas por Fecha,2022-01-01,1666 dosis
Vacunas Administradas por Fecha,2024-06-12,1862 dosis
Vacunas Administradas por Fecha,2021-12-03,6911 dosis
Vacunas Administradas por Fecha,2023-10-11,3859 dosis
Vacunas Administradas por Fecha,2023-10-04,5196 dosis
Vacunas Administradas por Fecha,2023-01-14,5718 dosis
Vacunas Administradas por Fecha,2023-09-27,3979 dosis
Vacunas Administradas por Fecha,2023-12-05,1592 dosis
Vacunas Administradas por Fecha,2022-11-27,611 dosis
Vacunas Administradas por Fecha,2022-04-09,10454 dosis
Vacunas Administradas por Fecha,2024-05-27,2135 dosis
Vacunas Administradas por Fecha,2022-10-03,5597 dosis
Vacunas Administradas por Fecha,2021-10-23,1316 dosis
Vacunas Administradas por Fecha,2021-07-30,1124 dosis
Vacunas Administradas por Fecha,2021-10-26,3639 dosis
Vacunas Administradas por Fecha,2024-01-30,10049 dosis
Vacunas Administradas por Fecha,2024-06-10,2355 dosis
Vacunas Administradas por Fecha,2023-09-30,721 dosis
Vacunas Administradas por Fecha,2023-09-20,3473 dosis
Vacunas Administradas por Fecha,2024-02-24,696 dosis
Vacunas Administradas por Fecha,2022-11-04,8473 dosis
Vacunas Administradas por Fecha,2021-08-03,1332 dosis
Vacunas Administradas por Fecha,2022-03-27,7471 dosis
Vacunas Administradas por Fecha,2024-04-27,971 dosis
Vacunas Administradas por Fecha,2023-01-27,13775 dosis
Vacunas Administradas por Fecha,2022-02-13,27984 dosis
Vacunas Administradas por Fecha,2024-06-07,2637 dosis
Vacunas Administradas por Fecha,2023-10-06,4703 dosis
Vacunas Administradas por Fecha,2024-01-11,3876 dosis
Vacunas Administradas por Fecha,2023-04-19,4103 dosis
Vacunas Administradas por Fecha,2022-10-26,4042 dosis
Vacunas Administradas por Fecha,2023-03-13,3171 dosis
Vacunas Administradas por Fecha,2023-03-09,4426 dosis
Vacunas Administradas por Fecha,2022-01-30,34794 dosis
Vacunas Administradas por Fecha,2021-12-06,6546 dosis
Vacunas Administradas por Fecha,2021-09-12,209 dosis
Vacunas Administradas por Fecha,2021-07-23,1414 dosis
Vacunas Administradas por Fecha,2021-08-21,799 dosis
Vacunas Administradas por Fecha,2024-04-22,3758 dosis
Vacunas Administradas por Fecha,2021-09-21,1143 dosis
Vacunas Administradas por Fecha,2024-08-27,881 dosis
Vacunas Administradas por Fecha,2023-07-10,1975 dosis
Vacunas Administradas por Fecha,2021-12-11,2378 dosis
Vacunas Administradas por Fecha,2023-09-26,3688 dosis
Vacunas Administradas por Fecha,2024-01-22,9835 dosis
Vacunas Administradas por Fecha,2024-01-18,7464 dosis
Vacunas Administradas por Fecha,2021-06-19,582 dosis
Vacunas Administradas por Fecha,2021-08-14,967 dosis
Vacunas Administradas por Fecha,2024-03-21,3198 dosis
Vacunas Administradas por Fecha,2024-02-26,4290 dosis
Vacunas Administradas por Fecha,2022-07-08,32458 dosis
Vacunas Administradas por Fecha,2021-08-15,947 dosis
Vacunas Administradas por Fecha,2024-03-01,4569 dosis
Vacunas Administradas por Fecha,2023-05-19,2907 dosis
Vacunas Administradas por Fecha,2024-04-26,4630 dosis
Vacunas Administradas por Fecha,2023-11-17,1504 dosis
Vacunas Administradas por Fecha,2021-06-15,474 dosis
Vacunas Administradas por Fecha,2024-03-15,3512 dosis
Vacunas Administradas por Fecha,2024-02-22,5463 dosis
Vacunas Administradas por Fecha,2021-04-16,151 dosis
Vacunas Administradas por Fecha,2024-04-25,4614 dosis
Vacunas Administradas por Fecha,2022-12-03,5755 dosis
Vacunas Administradas por Fecha,2024-03-14,2388 dosis
Vacunas Administradas por Fecha,2021-12-15,11268 dosis
Vacunas Administradas por Fecha,2021-11-17,4896 dosis
Vacunas Administradas por Fecha,2023-08-29,2529 dosis
Vacunas Administradas por Fecha,2022-07-03,5224 dosis
Vacunas Administradas por Fecha,2023-06-21,1669 dosis
Vacunas Administradas por Fecha,2021-11-05,3135 dosis
Vacunas Administradas por Fecha,2021-12-02,8899 dosis
Vacunas Administradas por Fecha,2021-08-10,1494 dosis
Vacunas Administradas por Fecha,2023-02-13,7809 dosis
Vacunas Administradas por Fecha,2021-11-20,1689 dosis
Vacunas Administradas por Fecha,2023-06-15,2282 dosis
Vacunas Administradas por Fecha,2024-05-15,2419 dosis
Vacunas Administradas por Fecha,2023-12-06,1455 dosis
Vacunas Administradas por Fecha,2021-07-12,717 dosis
Vacunas Administradas por Fecha,2023-10-26,2234 dosis
Vacunas Administradas por Fecha,2023-06-13,1812 dosis
Vacunas Administradas por Fecha,2024-04-11,4062 dosis
Vacunas Administradas por Fecha,2021-09-07,2654 dosis
Vacunas Administradas por Fecha,2024-05-02,3266 dosis
Vacunas Administradas por Fecha,2021-08-30,1760 dosis
Vacunas Administradas por Fecha,2024-01-04,1133 dosis
Vacunas Administradas por Fecha,2021-11-24,5251 dosis
Vacunas Administradas por Fecha,2024-05-28,2437 dosis
Vacunas Administradas por Fecha,2021-11-13,999 dosis
Vacunas Administradas por Fecha,2021-04-07,224 dosis
Vacunas Administradas por Fecha,2022-07-27,21518 dosis
Vacunas Administradas por Fecha,2023-07-27,1748 dosis
Vacunas Administradas por Fecha,2022-09-10,2045 dosis
Vacunas Administradas por Fecha,2023-07-28,1845 dosis
Vacunas Administradas por Fecha,2023-06-16,2114 dosis
Vacunas Administradas por Fecha,2024-03-06,4039 dosis
Vacunas Administradas por Fecha,2021-11-23,6037 dosis
Vacunas Administradas por Fecha,2021-05-17,338 dosis
Vacunas Administradas por Fecha,2024-03-22,4210 dosis
Vacunas Administradas por Fecha,2024-04-03,2700 dosis
Vacunas Administradas por Fecha,2023-05-24,2444 dosis
Vacunas Administradas por Fecha,2023-02-20,882 dosis
Vacunas Administradas por Fecha,2023-07-12,1401 dosis
Vacunas Administradas por Fecha,2023-12-13,1255 dosis
Vacunas Administradas por Fecha,2024-05-24,2654 dosis
Vacunas Administradas por Fecha,2023-09-12,3656 dosis
Vacunas Administradas por Fecha,2021-10-16,4003 dosis
Vacunas Administradas por Fecha,2021-09-02,2095 dosis
Vacunas Administradas por Fecha,2023-04-04,3974 dosis
Vacunas Administradas por Fecha,2023-11-06,1948 dosis
Vacunas Administradas por Fecha,2023-03-14,3348 dosis
Vacunas Administradas por Fecha,2024-07-25,1377 dosis
Vacunas Administradas por Fecha,2023-08-11,1362 dosis
Vacunas Administradas por Fecha,2021-09-10,2033 dosis
Vacunas Administradas por Fecha,2021-11-11,4111 dosis
Vacunas Administradas por Fecha,2023-12-26,789 dosis
Vacunas Administradas por Fecha,2023-09-06,3567 dosis
Vacunas Administradas por Fecha,2023-08-23,1829 dosis
Vacunas Administradas por Fecha,2024-04-08,4172 dosis
Vacunas Administradas por Fecha,2024-09-17,654 dosis
Vacunas Administradas por Fecha,2024-04-12,4907 dosis
Vacunas Administradas por Fecha,2021-09-17,3023 dosis
Vacunas Administradas por Fecha,2024-09-19,699 dosis
Vacunas Administradas por Fecha,2023-05-20,656 dosis
Vacunas Administradas por Fecha,2021-09-09,2346 dosis
Vacunas Administradas por Fecha,2023-11-02,1081 dosis
Vacunas Administradas por Fecha,2023-04-05,4615 dosis
Vacunas Administradas por Fecha,2023-12-29,607 dosis
Vacunas Administradas por Fecha,2021-08-28,876 dosis
Vacunas Administradas por Fecha,2024-02-27,5391 dosis
Vacunas Administradas por Fecha,2024-05-06,3507 dosis
Vacunas Administradas por Fecha,2022-09-01,10206 dosis
Vacunas Administradas por Fecha,2021-10-20,4128 dosis
Vacunas Administradas por Fecha,2021-07-10,456 dosis
Vacunas Administradas por Fecha,2021-09-27,1249 dosis
Vacunas Administradas por Fecha,2023-02-04,2730 dosis
Vacunas Administradas por Fecha,2023-05-12,3790 dosis
Vacunas Administradas por Fecha,2024-04-06,456 dosis
Vacunas Administradas por Fecha,2021-08-18,1562 dosis
Vacunas Administradas por Fecha,2023-09-23,384 dosis
Vacunas Administradas por Fecha,2024-07-17,1246 dosis
Vacunas Administradas por Fecha,2023-09-14,4082 dosis
Vacunas Administradas por Fecha,2024-05-13,2470 dosis
Vacunas Administradas por Fecha,2024-03-07,3923 dosis
Vacunas Administradas por Fecha,2023-08-04,1608 dosis
Vacunas Administradas por Fecha,2021-07-19,888 dosis
Vacunas Administradas por Fecha,2023-03-20,3881 dosis
Vacunas Administradas por Fecha,2022-09-21,6255 dosis
Vacunas Administradas por Fecha,2021-08-12,1221 dosis
Vacunas Administradas por Fecha,2024-05-08,3181 dosis
Vacunas Administradas por Fecha,2024-06-25,1276 dosis
Vacunas Administradas por Fecha,2024-05-31,2568 dosis
Vacunas Administradas por Fecha,2024-06-14,2025 dosis
Vacunas Administradas por Fecha,2022-10-11,4929 dosis
Vacunas Administradas por Fecha,2023-06-14,2140 dosis
Vacunas Administradas por Fecha,2024-02-18,89 dosis
Vacunas Administradas por Fecha,2023-10-23,2066 dosis
Vacunas Administradas por Fecha,2021-09-16,1812 dosis
Vacunas Administradas por Fecha,2024-05-20,2394 dosis
Vacunas Administradas por Fecha,2021-09-13,1034 dosis
Vacunas Administradas por Fecha,2024-04-04,3604 dosis
Vacunas Administradas por Fecha,2024-08-06,952 dosis
Vacunas Administradas por Fecha,2021-10-15,2935 dosis
Vacunas Administradas por Fecha,2021-08-31,2891 dosis
Vacunas Administradas por Fecha,2023-03-30,4750 dosis
Vacunas Administradas por Fecha,2024-08-22,675 dosis
Vacunas Administradas por Fecha,2022-10-18,4643 dosis
Vacunas Administradas por Fecha,2022-10-17,4274 dosis
Vacunas Administradas por Fecha,2023-11-03,1609 dosis
Vacunas Administradas por Fecha,2023-02-22,8552 dosis
Vacunas Administradas por Fecha,2021-11-15,4006 dosis
Vacunas Administradas por Fecha,2023-11-09,1939 dosis
Vacunas Administradas por Fecha,2021-08-25,1915 dosis
Vacunas Administradas por Fecha,2023-03-16,3685 dosis
Vacunas Administradas por Fecha,2021-10-29,3042 dosis
Vacunas Administradas por Fecha,2023-08-31,3730 dosis
Vacunas Administradas por Fecha,2021-06-04,725 dosis
Vacunas Administradas por Fecha,2023-02-28,6872 dosis
Vacunas Administradas por Fecha,2021-07-31,808 dosis
Vacunas Administradas por Fecha,2021-06-03,579 dosis
Vacunas Administradas por Fecha,2021-11-10,3885 dosis
Vacunas Administradas por Fecha,2024-03-25,2776 dosis
Vacunas Administradas por Fecha,2024-06-28,1399 dosis
Vacunas Administradas por Fecha,2023-03-25,696 dosis
Vacunas Administradas por Fecha,2021-07-20,901 dosis
Vacunas Administradas por Fecha,2021-11-26,7267 dosis
Vacunas Administradas por Fecha,2023-05-02,3308 dosis
Vacunas Administradas por Fecha,2023-12-21,970 dosis
Vacunas Administradas por Fecha,2024-06-13,1785 dosis
Vacunas Administradas por Fecha,2024-05-30,2586 dosis
Vacunas Administradas por Fecha,2024-05-21,2387 dosis
Vacunas Administradas por Fecha,2023-05-08,3725 dosis
Vacunas Administradas por Fecha,2024-09-03,495 dosis
Vacunas Administradas por Fecha,2022-07-25,18171 dosis
Vacunas Administradas por Fecha,2023-08-17,1567 dosis
Vacunas Administradas por Fecha,2021-11-28,883 dosis
Vacunas Administradas por Fecha,2023-03-04,1250 dosis
Vacunas Administradas por Fecha,2022-07-16,5508 dosis
Vacunas Administradas por Fecha,2022-09-16,9094 dosis
Vacunas Administradas por Fecha,2023-08-22,1475 dosis
Vacunas Administradas por Fecha,2021-10-07,1665 dosis
Vacunas Administradas por Fecha,2023-06-23,2046 dosis
Vacunas Administradas por Fecha,2021-06-29,633 dosis
Vacunas Administradas por Fecha,2024-05-17,2694 dosis
Vacunas Administradas por Fecha,2024-03-27,3284 dosis
Vacunas Administradas por Fecha,2023-04-21,5122 dosis
Vacunas Administradas por Fecha,2024-03-20,1794 dosis
Vacunas Administradas por Fecha,2022-12-11,1016 dosis
Vacunas Administradas por Fecha,2021-08-04,1396 dosis
Vacunas Administradas por Fecha,2023-11-25,194 dosis
Vacunas Administradas por Fecha,2022-11-06,1767 dosis
Vacunas Administradas por Fecha,2023-04-14,4928 dosis
Vacunas Administradas por Fecha,2022-11-19,1610 dosis
Vacunas Administradas por Fecha,2024-07-23,1413 dosis
Vacunas Administradas por Fecha,2024-02-21,5960 dosis
Vacunas Administradas por Fecha,2023-01-29,1674 dosis
Vacunas Administradas por Fecha,2024-08-12,958 dosis
Vacunas Administradas por Fecha,2024-08-01,1233 dosis
Vacunas Administradas por Fecha,2024-07-11,1152 dosis
Vacunas Administradas por Fecha,2023-10-17,2798 dosis
Vacunas Administradas por Fecha,2021-11-04,2880 dosis
Vacunas Administradas por Fecha,2023-08-08,1302 dosis
Vacunas Administradas por Fecha,2023-08-12,285 dosis
Vacunas Administradas por Fecha,2023-03-02,5005 dosis
Vacunas Administradas por Fecha,2023-11-16,1736 dosis
Vacunas Administradas por Fecha,2021-10-19,3844 dosis
Vacunas Administradas por Fecha,2022-10-09,283 dosis
Vacunas Administradas por Fecha,2021-10-25,2208 dosis
Vacunas Administradas por Fecha,2023-04-15,857 dosis
Vacunas Administradas por Fecha,2021-10-01,1464 dosis
Vacunas Administradas por Fecha,2022-08-15,2339 dosis
Vacunas Administradas por Fecha,2022-07-09,7420 dosis
Vacunas Administradas por Fecha,2021-06-05,570 dosis
Vacunas Administradas por Fecha,2024-03-19,2622 dosis
Vacunas Administradas por Fecha,2022-09-03,2185 dosis
Vacunas Administradas por Fecha,2022-09-17,1507 dosis
Vacunas Administradas por Fecha,2022-08-28,1114 dosis
Vacunas Administradas por Fecha,2022-08-26,14426 dosis
Vacunas Administradas por Fecha,2023-06-01,2711 dosis
Vacunas Administradas por Fecha,2024-05-07,3299 dosis
Vacunas Administradas por Fecha,2023-11-23,1356 dosis
Vacunas Administradas por Fecha,2023-10-24,2174 dosis
Vacunas Administradas por Fecha,2024-05-14,2732 dosis
Vacunas Administradas por Fecha,2023-08-07,1176 dosis
Vacunas Administradas por Fecha,2022-11-12,1499 dosis
Vacunas Administradas por Fecha,2024-08-29,767 dosis
Vacunas Administradas por Fecha,2021-11-09,3648 dosis
Vacunas Administradas por Fecha,2023-03-17,4264 dosis
Vacunas Administradas por Fecha,2021-11-27,2906 dosis
Vacunas Administradas por Fecha,2023-07-01,472 dosis
Vacunas Administradas por Fecha,2024-06-04,2208 dosis
Vacunas Administradas por Fecha,2023-12-12,1791 dosis
Vacunas Administradas por Fecha,2023-10-30,1966 dosis
Vacunas Administradas por Fecha,2023-10-10,4018 dosis
Vacunas Administradas por Fecha,2023-09-11,3723 dosis
Vacunas Administradas por Fecha,2023-06-24,371 dosis
Vacunas Administradas por Fecha,2021-12-24,591 dosis
Vacunas Administradas por Fecha,2021-05-12,344 dosis
Vacunas Administradas por Fecha,2024-07-30,1034 dosis
Vacunas Administradas por Fecha,2023-08-10,1219 dosis
Vacunas Administradas por Fecha,2023-04-23,550 dosis
Vacunas Administradas por Fecha,2023-08-03,1457 dosis
Vacunas Administradas por Fecha,2024-07-08,1035 dosis
Vacunas Administradas por Fecha,2024-09-25,542 dosis
Vacunas Administradas por Fecha,2024-03-08,3228 dosis
Vacunas Administradas por Fecha,2024-06-05,2264 dosis
Vacunas Administradas por Fecha,2022-07-24,2194 dosis
Vacunas Administradas por Fecha,2021-11-03,3839 dosis
Vacunas Administradas por Fecha,2023-02-23,8581 dosis
Vacunas Administradas por Fecha,2024-05-16,2823 dosis
Vacunas Administradas por Fecha,2021-05-14,437 dosis
Vacunas Administradas por Fecha,2021-09-05,669 dosis
Vacunas Administradas por Fecha,2023-02-19,971 dosis
Vacunas Administradas por Fecha,2024-05-03,3755 dosis
Vacunas Administradas por Fecha,2023-11-14,1763 dosis
Vacunas Administradas por Fecha,2023-08-28,2122 dosis
Vacunas Administradas por Fecha,2023-03-08,3384 dosis
Vacunas Administradas por Fecha,2023-07-07,1637 dosis
Vacunas Administradas por Fecha,2023-07-05,2077 dosis
Vacunas Administradas por Fecha,2024-02-17,698 dosis
Vacunas Administradas por Fecha,2022-06-26,6396 dosis
Vacunas Administradas por Fecha,2024-07-05,1133 dosis
Vacunas Administradas por Fecha,2023-08-21,150 dosis
Vacunas Administradas por Fecha,2023-07-08,458 dosis
Vacunas Administradas por Fecha,2023-11-08,1698 dosis
Vacunas Administradas por Fecha,2023-09-07,3441 dosis
Vacunas Administradas por Fecha,2021-03-26,101 dosis
Vacunas Administradas por Fecha,2023-10-27,2346 dosis
Vacunas Administradas por Fecha,2023-04-28,5553 dosis
Vacunas Administradas por Fecha,2024-07-16,1119 dosis
Vacunas Administradas por Fecha,2023-06-06,2530 dosis
Vacunas Administradas por Fecha,2021-11-06,1331 dosis
Vacunas Administradas por Fecha,2021-06-13,248 dosis
Vacunas Administradas por Fecha,2022-04-10,4555 dosis
Vacunas Administradas por Fecha,2021-03-28,25 dosis
Vacunas Administradas por Fecha,2022-06-05,6717 dosis
Vacunas Administradas por Fecha,2021-11-08,2087 dosis
Vacunas Administradas por Fecha,2021-09-23,1443 dosis
Vacunas Administradas por Fecha,2024-07-15,1081 dosis
Vacunas Administradas por Fecha,2024-01-13,531 dosis
Vacunas Administradas por Fecha,2023-03-18,946 dosis
Vacunas Administradas por Fecha,2024-05-09,801 dosis
Vacunas Administradas por Fecha,2023-05-21,202 dosis
Vacunas Administradas por Fecha,2021-11-01,2715 dosis
Vacunas Administradas por Fecha,2021-10-18,2585 dosis
Vacunas Administradas por Fecha,2024-07-22,1306 dosis
Vacunas Administradas por Fecha,2022-10-22,974 dosis
Vacunas Administradas por Fecha,2024-01-09,1791 dosis
Vacunas Administradas por Fecha,2021-10-06,1145 dosis
Vacunas Administradas por Fecha,2023-12-27,988 dosis
Vacunas Administradas por Fecha,2024-03-12,2153 dosis
Vacunas Administradas por Fecha,2024-07-10,1120 dosis
Vacunas Administradas por Fecha,2021-07-24,538 dosis
Vacunas Administradas por Fecha,2022-04-17,2599 dosis
Vacunas Administradas por Fecha,2021-07-29,1243 dosis
Vacunas Administradas por Fecha,2024-03-13,2486 dosis
Vacunas Administradas por Fecha,2023-12-20,1141 dosis
Vacunas Administradas por Fecha,2021-09-11,1227 dosis
Vacunas Administradas por Fecha,2021-06-28,827 dosis
Vacunas Administradas por Fecha,2021-08-13,1262 dosis
Vacunas Administradas por Fecha,2023-06-19,167 dosis
Vacunas Administradas por Fecha,2023-02-12,1092 dosis
Vacunas Administradas por Fecha,2022-04-15,4541 dosis
Vacunas Administradas por Fecha,2021-09-08,2448 dosis
Vacunas Administradas por Fecha,2022-08-07,1624 dosis
Vacunas Administradas por Fecha,2021-07-28,1173 dosis
Vacunas Administradas por Fecha,2022-07-31,2471 dosis
Vacunas Administradas por Fecha,2022-12-25,116 dosis
Vacunas Administradas por Fecha,2024-06-08,296 dosis
Vacunas Administradas por Fecha,2024-06-27,1071 dosis
Vacunas Administradas por Fecha,2021-07-21,800 dosis
Vacunas Administradas por Fecha,2024-08-20,858 dosis
Vacunas Administradas por Fecha,2021-05-24,183 dosis
Vacunas Administradas por Fecha,2022-11-26,1494 dosis
Vacunas Administradas por Fecha,2021-09-15,1395 dosis
Vacunas Administradas por Fecha,2023-09-29,6071 dosis
Vacunas Administradas por Fecha,2023-06-12,2037 dosis
Vacunas Administradas por Fecha,2023-11-21,1249 dosis
Vacunas Administradas por Fecha,2021-06-24,433 dosis
Vacunas Administradas por Fecha,2023-04-01,863 dosis
Vacunas Administradas por Fecha,2022-09-24,1413 dosis
Vacunas Administradas por Fecha,2022-06-17,8471 dosis
Vacunas Administradas por Fecha,2022-09-26,7393 dosis
Vacunas Administradas por Fecha,2021-08-29,410 dosis
Vacunas Administradas por Fecha,2023-01-22,1161 dosis
Vacunas Administradas por Fecha,2023-11-10,1591 dosis
Vacunas Administradas por Fecha,2023-10-14,266 dosis
Vacunas Administradas por Fecha,2023-12-30,69 dosis
Vacunas Administradas por Fecha,2022-10-13,5021 dosis
Vacunas Administradas por Fecha,2021-09-19,356 dosis
Vacunas Administradas por Fecha,2024-07-03,1313 dosis
Vacunas Administradas por Fecha,2023-08-18,1749 dosis
Vacunas Administradas por Fecha,2023-12-15,1323 dosis
Vacunas Administradas por Fecha,2021-06-02,745 dosis
Vacunas Administradas por Fecha,2024-05-22,2330 dosis
Vacunas Administradas por Fecha,2022-09-02,2149 dosis
Vacunas Administradas por Fecha,2021-06-30,788 dosis
Vacunas Administradas por Fecha,2022-10-30,127 dosis
Vacunas Administradas por Fecha,2023-07-31,1641 dosis
Vacunas Administradas por Fecha,2023-08-01,1401 dosis
Vacunas Administradas por Fecha,2024-07-26,1440 dosis
Vacunas Administradas por Fecha,2023-06-20,118 dosis
Vacunas Administradas por Fecha,2023-07-24,1518 dosis
Vacunas Administradas por Fecha,2022-11-20,307 dosis
Vacunas Administradas por Fecha,2022-10-10,432 dosis
Vacunas Administradas por Fecha,2021-07-14,630 dosis
Vacunas Administradas por Fecha,2021-12-05,702 dosis
Vacunas Administradas por Fecha,2023-07-25,1587 dosis
Vacunas Administradas por Fecha,2023-03-06,4421 dosis
Vacunas Administradas por Fecha,2021-06-18,729 dosis
Vacunas Administradas por Fecha,2024-03-16,311 dosis
Vacunas Administradas por Fecha,2022-05-01,386 dosis
Vacunas Administradas por Fecha,2023-08-24,2074 dosis
Vacunas Administradas por Fecha,2022-12-18,1495 dosis
Vacunas Administradas por Fecha,2024-06-24,1299 dosis
Vacunas Administradas por Fecha,2024-06-19,1677 dosis
Vacunas Administradas por Fecha,2024-07-31,1208 dosis
Vacunas Administradas por Fecha,2021-09-22,1606 dosis
Vacunas Administradas por Fecha,2021-09-29,1451 dosis
Vacunas Administradas por Fecha,2021-11-02,1928 dosis
Vacunas Administradas por Fecha,2024-02-10,696 dosis
Vacunas Administradas por Fecha,2021-06-17,515 dosis
Vacunas Administradas por Fecha,2021-09-01,2709 dosis
Vacunas Administradas por Fecha,2021-04-13,226 dosis
Vacunas Administradas por Fecha,2022-09-30,6841 dosis
Vacunas Administradas por Fecha,2023-09-21,3137 dosis
Vacunas Administradas por Fecha,2023-06-27,1471 dosis
Vacunas Administradas por Fecha,2023-07-21,1806 dosis
Vacunas Administradas por Fecha,2024-09-20,731 dosis
Vacunas Administradas por Fecha,2021-10-12,1308 dosis
Vacunas Administradas por Fecha,2023-09-01,3172 dosis
Vacunas Administradas por Fecha,2024-03-09,461 dosis
Vacunas Administradas por Fecha,2023-08-30,2716 dosis
Vacunas Administradas por Fecha,2023-02-21,322 dosis
Vacunas Administradas por Fecha,2021-07-06,729 dosis
Vacunas Administradas por Fecha,2024-01-08,1402 dosis
Vacunas Administradas por Fecha,2021-10-04,922 dosis
Vacunas Administradas por Fecha,2021-07-27,1238 dosis
Vacunas Administradas por Fecha,2021-06-25,679 dosis
Vacunas Administradas por Fecha,2022-10-01,991 dosis
Vacunas Administradas por Fecha,2021-06-27,267 dosis
Vacunas Administradas por Fecha,2022-10-07,932 dosis
Vacunas Administradas por Fecha,2024-03-28,231 dosis
Vacunas Administradas por Fecha,2023-07-14,1812 dosis
Vacunas Administradas por Fecha,2023-07-18,1468 dosis
Vacunas Administradas por Fecha,2021-06-08,613 dosis
Vacunas Administradas por Fecha,2023-07-22,355 dosis
Vacunas Administradas por Fecha,2021-09-24,1027 dosis
Vacunas Administradas por Fecha,2021-04-20,155 dosis
Vacunas Administradas por Fecha,2021-11-07,690 dosis
Vacunas Administradas por Fecha,2021-05-30,188 dosis
Vacunas Administradas por Fecha,2024-08-09,1131 dosis
Vacunas Administradas por Fecha,2021-02-22,63 dosis
Vacunas Administradas por Fecha,2023-09-16,563 dosis
Vacunas Administradas por Fecha,2021-10-27,2233 dosis
Vacunas Administradas por Fecha,2024-07-19,1318 dosis
Vacunas Administradas por Fecha,2024-09-16,654 dosis
Vacunas Administradas por Fecha,2022-08-14,1810 dosis
Vacunas Administradas por Fecha,2024-09-08,26 dosis
Vacunas Administradas por Fecha,2024-08-13,916 dosis
Vacunas Administradas por Fecha,2021-03-23,167 dosis
Vacunas Administradas por Fecha,2021-07-09,641 dosis
Vacunas Administradas por Fecha,2021-09-14,1108 dosis
Vacunas Administradas por Fecha,2023-04-07,292 dosis
Vacunas Administradas por Fecha,2023-11-28,1502 dosis
Vacunas Administradas por Fecha,2021-09-18,768 dosis
Vacunas Administradas por Fecha,2021-07-08,741 dosis
Vacunas Administradas por Fecha,2024-01-05,1254 dosis
Vacunas Administradas por Fecha,2021-03-12,210 dosis
Vacunas Administradas por Fecha,2024-05-29,2262 dosis
Vacunas Administradas por Fecha,2021-06-11,574 dosis
Vacunas Administradas por Fecha,2023-07-09,172 dosis
Vacunas Administradas por Fecha,2024-02-04,172 dosis
Vacunas Administradas por Fecha,2024-05-11,314 dosis
Vacunas Administradas por Fecha,2023-10-13,158 dosis
Vacunas Administradas por Fecha,2021-06-12,438 dosis
Vacunas Administradas por Fecha,2023-03-21,4247 dosis
Vacunas Administradas por Fecha,2023-11-15,1699 dosis
Vacunas Administradas por Fecha,2022-06-12,6197 dosis
Vacunas Administradas por Fecha,2023-06-26,1836 dosis
Vacunas Administradas por Fecha,2024-07-02,1131 dosis
Vacunas Administradas por Fecha,2023-06-22,1726 dosis
Vacunas Administradas por Fecha,2022-08-21,1117 dosis
Vacunas Administradas por Fecha,2023-11-27,1339 dosis
Vacunas Administradas por Fecha,2021-07-17,564 dosis
Vacunas Administradas por Fecha,2024-02-03,992 dosis
Vacunas Administradas por Fecha,2024-08-05,1054 dosis
Vacunas Administradas por Fecha,2021-12-08,1628 dosis
Vacunas Administradas por Fecha,2021-08-19,1534 dosis
Vacunas Administradas por Fecha,2024-03-02,397 dosis
Vacunas Administradas por Fecha,2021-03-17,183 dosis
Vacunas Administradas por Fecha,2023-01-01,297 dosis
Vacunas Administradas por Fecha,2021-10-05,1385 dosis
Vacunas Administradas por Fecha,2021-07-22,1275 dosis
Vacunas Administradas por Fecha,2021-09-20,1061 dosis
Vacunas Administradas por Fecha,2023-10-20,3034 dosis
Vacunas Administradas por Fecha,2021-08-09,1310 dosis
Vacunas Administradas por Fecha,2021-07-16,824 dosis
Vacunas Administradas por Fecha,2023-08-26,560 dosis
Vacunas Administradas por Fecha,2021-08-02,1409 dosis
Vacunas Administradas por Fecha,2022-10-15,745 dosis
Vacunas Administradas por Fecha,2024-06-02,53 dosis
Vacunas Administradas por Fecha,2021-05-13,323 dosis
Vacunas Administradas por Fecha,2024-09-24,610 dosis
Vacunas Administradas por Fecha,2024-08-14,1075 dosis
Vacunas Administradas por Fecha,2024-09-30,435 dosis
Vacunas Administradas por Fecha,2023-12-07,1497 dosis
Vacunas Administradas por Fecha,2024-02-11,103 dosis
Vacunas Administradas por Fecha,2021-08-08,416 dosis
Vacunas Administradas por Fecha,2021-07-05,790 dosis
Vacunas Administradas por Fecha,2021-08-26,2076 dosis
Vacunas Administradas por Fecha,2021-08-07,677 dosis
Vacunas Administradas por Fecha,2021-05-11,334 dosis
Vacunas Administradas por Fecha,2021-03-03,99 dosis
Vacunas Administradas por Fecha,2024-01-03,974 dosis
Vacunas Administradas por Fecha,2024-02-12,173 dosis
Vacunas Administradas por Fecha,2021-02-12,25 dosis
Vacunas Administradas por Fecha,2023-12-23,112 dosis
Vacunas Administradas por Fecha,2021-10-13,2264 dosis
Vacunas Administradas por Fecha,2024-09-05,762 dosis
Vacunas Administradas por Fecha,2023-08-15,1690 dosis
Vacunas Administradas por Fecha,2021-08-22,573 dosis
Vacunas Administradas por Fecha,2024-04-20,1025 dosis
Vacunas Administradas por Fecha,2023-05-14,277 dosis
Vacunas Administradas por Fecha,2022-11-21,619 dosis
Vacunas Administradas por Fecha,2023-03-05,385 dosis
Vacunas Administradas por Fecha,2021-06-26,644 dosis
Vacunas Administradas por Fecha,2024-09-11,714 dosis
Vacunas Administradas por Fecha,2023-11-22,1402 dosis
Vacunas Administradas por Fecha,2023-08-20,86 dosis
Vacunas Administradas por Fecha,2024-07-04,1195 dosis
Vacunas Administradas por Fecha,2021-04-28,236 dosis
Vacunas Administradas por Fecha,2021-01-30,17 dosis
Vacunas Administradas por Fecha,2023-12-14,1295 dosis
Vacunas Administradas por Fecha,2021-11-21,470 dosis
Vacunas Administradas por Fecha,2021-08-06,1272 dosis
Vacunas Administradas por Fecha,2023-12-28,638 dosis
Vacunas Administradas por Fecha,2023-04-06,508 dosis
Vacunas Administradas por Fecha,2021-10-10,925 dosis
Vacunas Administradas por Fecha,2021-10-09,585 dosis
Vacunas Administradas por Fecha,2021-07-11,127 dosis
Vacunas Administradas por Fecha,2023-07-30,156 dosis
Vacunas Administradas por Fecha,2022-09-25,520 dosis
Vacunas Administradas por Fecha,2021-10-30,754 dosis
Vacunas Administradas por Fecha,2023-11-04,225 dosis
Vacunas Administradas por Fecha,2024-08-19,793 dosis
Vacunas Administradas por Fecha,2023-05-06,797 dosis
Vacunas Administradas por Fecha,2021-10-08,435 dosis
Vacunas Administradas por Fecha,2024-08-28,851 dosis
Vacunas Administradas por Fecha,2021-07-03,428 dosis
Vacunas Administradas por Fecha,2023-03-24,577 dosis
Vacunas Administradas por Fecha,2023-12-11,1371 dosis
Vacunas Administradas por Fecha,2021-05-28,434 dosis
Vacunas Administradas por Fecha,2023-11-24,1490 dosis
Vacunas Administradas por Fecha,2021-04-26,187 dosis
Vacunas Administradas por Fecha,2024-04-13,399 dosis
Vacunas Administradas por Fecha,2021-06-22,477 dosis
Vacunas Administradas por Fecha,2021-04-02,61 dosis
Vacunas Administradas por Fecha,2024-07-12,1251 dosis
Vacunas Administradas por Fecha,2024-09-04,700 dosis
Vacunas Administradas por Fecha,2021-11-14,218 dosis
Vacunas Administradas por Fecha,2024-05-18,272 dosis
Vacunas Administradas por Fecha,2024-08-02,1196 dosis
Vacunas Administradas por Fecha,2021-06-06,383 dosis
Vacunas Administradas por Fecha,2024-08-18,23 dosis
Vacunas Administradas por Fecha,2021-10-31,552 dosis
Vacunas Administradas por Fecha,2023-12-04,1386 dosis
Vacunas Administradas por Fecha,2021-08-05,1383 dosis
Vacunas Administradas por Fecha,2021-08-01,553 dosis
Vacunas Administradas por Fecha,2024-08-16,964 dosis
Vacunas Administradas por Fecha,2023-06-17,329 dosis
Vacunas Administradas por Fecha,2021-03-19,147 dosis
Vacunas Administradas por Fecha,2024-08-03,74 dosis
Vacunas Administradas por Fecha,2021-08-11,1366 dosis
Vacunas Administradas por Fecha,2023-10-07,579 dosis
Vacunas Administradas por Fecha,2023-09-09,519 dosis
Vacunas Administradas por Fecha,2023-03-12,257 dosis
Vacunas Administradas por Fecha,2021-03-16,172 dosis
Vacunas Administradas por Fecha,2023-12-22,804 dosis
Vacunas Administradas por Fecha,2022-12-24,995 dosis
Vacunas Administradas por Fecha,2021-03-11,199 dosis
Vacunas Administradas por Fecha,2024-09-27,634 dosis
Vacunas Administradas por Fecha,2022-10-23,331 dosis
Vacunas Administradas por Fecha,2024-08-07,1034 dosis
Vacunas Administradas por Fecha,2021-09-25,413 dosis
Vacunas Administradas por Fecha,2022-09-18,549 dosis
Vacunas Administradas por Fecha,2023-06-10,661 dosis
Vacunas Administradas por Fecha,2024-04-07,79 dosis
Vacunas Administradas por Fecha,2024-08-08,905 dosis
Vacunas Administradas por Fecha,2021-03-15,234 dosis
Vacunas Administradas por Fecha,2023-03-11,1065 dosis
Vacunas Administradas por Fecha,2023-09-10,196 dosis
Vacunas Administradas por Fecha,2021-05-05,437 dosis
Vacunas Administradas por Fecha,2023-06-04,200 dosis
Vacunas Administradas por Fecha,2023-03-26,290 dosis
Vacunas Administradas por Fecha,2024-06-01,301 dosis
Vacunas Administradas por Fecha,2023-10-16,99 dosis
Vacunas Administradas por Fecha,2021-04-14,187 dosis
Vacunas Administradas por Fecha,2023-07-23,144 dosis
Vacunas Administradas por Fecha,2024-01-02,580 dosis
Vacunas Administradas por Fecha,2022-05-18,941 dosis
Vacunas Administradas por Fecha,2024-09-23,626 dosis
Vacunas Administradas por Fecha,2021-06-20,85 dosis
Vacunas Administradas por Fecha,2021-04-09,222 dosis
Vacunas Administradas por Fecha,2024-05-04,306 dosis
Vacunas Administradas por Fecha,2021-05-31,623 dosis
Vacunas Administradas por Fecha,2021-03-10,145 dosis
Vacunas Administradas por Fecha,2023-12-31,18 dosis
Vacunas Administradas por Fecha,2021-05-10,312 dosis
Vacunas Administradas por Fecha,2021-01-21,19 dosis
Vacunas Administradas por Fecha,2024-07-24,1301 dosis
Vacunas Administradas por Fecha,2024-09-12,691 dosis
Vacunas Administradas por Fecha,2023-08-05,349 dosis
Vacunas Administradas por Fecha,2024-04-21,149 dosis
Vacunas Administradas por Fecha,2021-10-03,213 dosis
Vacunas Administradas por Fecha,2024-06-17,44 dosis
Vacunas Administradas por Fecha,2021-04-17,52 dosis
Vacunas Administradas por Fecha,2024-03-23,560 dosis
Vacunas Administradas por Fecha,2021-04-22,248 dosis
Vacunas Administradas por Fecha,2023-11-30,1506 dosis
Vacunas Administradas por Fecha,2021-06-16,700 dosis
Vacunas Administradas por Fecha,2022-10-16,139 dosis
Vacunas Administradas por Fecha,2024-09-10,682 dosis
Vacunas Administradas por Fecha,2023-04-09,50 dosis
Vacunas Administradas por Fecha,2021-05-20,345 dosis
Vacunas Administradas por Fecha,2021-07-15,651 dosis
Vacunas Administradas por Fecha,2021-06-10,567 dosis
Vacunas Administradas por Fecha,2023-02-26,613 dosis
Vacunas Administradas por Fecha,2024-09-06,803 dosis
Vacunas Administradas por Fecha,2024-05-01,57 dosis
Vacunas Administradas por Fecha,2021-03-31,221 dosis
Vacunas Administradas por Fecha,2021-05-06,331 dosis
Vacunas Administradas por Fecha,2022-06-19,484 dosis
Vacunas Administradas por Fecha,2022-10-02,248 dosis
Vacunas Administradas por Fecha,2024-07-06,117 dosis
Vacunas Administradas por Fecha,2023-07-29,353 dosis
Vacunas Administradas por Fecha,2022-12-31,335 dosis
Vacunas Administradas por Fecha,2021-05-16,60 dosis
Vacunas Administradas por Fecha,2024-07-13,144 dosis
Vacunas Administradas por Fecha,2024-09-01,19 dosis
Vacunas Administradas por Fecha,2023-04-30,331 dosis
Vacunas Administradas por Fecha,2021-05-29,345 dosis
Vacunas Administradas por Fecha,2024-01-06,144 dosis
Vacunas Administradas por Fecha,2021-06-07,630 dosis
Vacunas Administradas por Fecha,2023-05-27,398 dosis
Vacunas Administradas por Fecha,2024-03-10,85 dosis
Vacunas Administradas por Fecha,2023-08-19,311 dosis
Vacunas Administradas por Fecha,2021-04-24,91 dosis
Vacunas Administradas por Fecha,2024-07-20,95 dosis
Vacunas Administradas por Fecha,2023-03-19,263 dosis
Vacunas Administradas por Fecha,2023-12-19,989 dosis
Vacunas Administradas por Fecha,2021-05-23,58 dosis
Vacunas Administradas por Fecha,2023-12-02,128 dosis
Vacunas Administradas por Fecha,2024-06-29,126 dosis
Vacunas Administradas por Fecha,2021-03-30,201 dosis
Vacunas Administradas por Fecha,2024-02-13,190 dosis
Vacunas Administradas por Fecha,2021-04-21,256 dosis
Vacunas Administradas por Fecha,2021-05-22,183 dosis
Vacunas Administradas por Fecha,2024-01-20,867 dosis
Vacunas Administradas por Fecha,2021-04-30,190 dosis
Vacunas Administradas por Fecha,2021-05-21,290 dosis
Vacunas Administradas por Fecha,2024-05-12,60 dosis
Vacunas Administradas por Fecha,2024-08-11,49 dosis
Vacunas Administradas por Fecha,2021-05-04,289 dosis
Vacunas Administradas por Fecha,2023-06-11,166 dosis
Vacunas Administradas por Fecha,2022-11-13,445 dosis
Vacunas Administradas por Fecha,2021-05-18,429 dosis
Vacunas Administradas por Fecha,2023-05-26,206 dosis
Vacunas Administradas por Fecha,2021-04-08,280 dosis
Vacunas Administradas por Fecha,2024-01-28,187 dosis
Vacunas Administradas por Fecha,2023-12-18,837 dosis
Vacunas Administradas por Fecha,2023-12-09,122 dosis
Vacunas Administradas por Fecha,2021-07-25,183 dosis
Vacunas Administradas por Fecha,2021-02-02,27 dosis
Vacunas Administradas por Fecha,2021-01-08,12 dosis
Vacunas Administradas por Fecha,2021-07-13,515 dosis
Vacunas Administradas por Fecha,2021-03-09,101 dosis
Vacunas Administradas por Fecha,2022-09-11,685 dosis
Vacunas Administradas por Fecha,2023-12-08,37 dosis
Vacunas Administradas por Fecha,2021-04-15,210 dosis
Vacunas Administradas por Fecha,2023-10-08,88 dosis
Vacunas Administradas por Fecha,2021-05-25,92 dosis
Vacunas Administradas por Fecha,2021-04-19,120 dosis
Vacunas Administradas por Fecha,2023-09-02,556 dosis
Vacunas Administradas por Fecha,2021-04-23,223 dosis
Vacunas Administradas por Fecha,2024-08-17,103 dosis
Vacunas Administradas por Fecha,2021-05-03,272 dosis
Vacunas Administradas por Fecha,2021-04-12,249 dosis
Vacunas Administradas por Fecha,2021-02-23,83 dosis
Vacunas Administradas por Fecha,2021-03-20,42 dosis
Vacunas Administradas por Fecha,2021-02-26,109 dosis
Vacunas Administradas por Fecha,2021-07-04,244 dosis
Vacunas Administradas por Fecha,2024-09-26,640 dosis
Vacunas Administradas por Fecha,2021-04-01,94 dosis
Vacunas Administradas por Fecha,2023-04-16,301 dosis
Vacunas Administradas por Fecha,2024-09-18,711 dosis
Vacunas Administradas por Fecha,2022-09-04,768 dosis
Vacunas Administradas por Fecha,2021-03-27,35 dosis
Vacunas Administradas por Fecha,2023-04-02,268 dosis
Vacunas Administradas por Fecha,2021-10-11,575 dosis
Vacunas Administradas por Fecha,2024-02-25,79 dosis
Vacunas Administradas por Fecha,2024-09-09,773 dosis
Vacunas Administradas por Fecha,2024-09-02,379 dosis
Vacunas Administradas por Fecha,2024-09-13,815 dosis
Vacunas Administradas por Fecha,2021-04-29,202 dosis
Vacunas Administradas por Fecha,2023-10-21,310 dosis
Vacunas Administradas por Fecha,2023-09-24,63 dosis
Vacunas Administradas por Fecha,2021-05-08,92 dosis
Vacunas Administradas por Fecha,2024-07-27,115 dosis
Vacunas Administradas por Fecha,2021-06-14,457 dosis
Vacunas Administradas por Fecha,2021-04-27,249 dosis
Vacunas Administradas por Fecha,2021-05-15,129 dosis
Vacunas Administradas por Fecha,2023-04-08,509 dosis
Vacunas Administradas por Fecha,2023-11-11,251 dosis
Vacunas Administradas por Fecha,2023-12-24,23 dosis
Vacunas Administradas por Fecha,2024-05-05,50 dosis
Vacunas Administradas por Fecha,2023-11-20,68 dosis
Vacunas Administradas por Fecha,2024-03-30,209 dosis
Vacunas Administradas por Fecha,2023-12-16,147 dosis
Vacunas Administradas por Fecha,2021-04-06,179 dosis
Vacunas Administradas por Fecha,2024-06-09,55 dosis
Vacunas Administradas por Fecha,2024-01-14,70 dosis
Vacunas Administradas por Fecha,2023-06-25,127 dosis
Vacunas Administradas por Fecha,2021-03-18,135 dosis
Vacunas Administradas por Fecha,2021-03-25,109 dosis
Vacunas Administradas por Fecha,2024-04-02,98 dosis
Vacunas Administradas por Fecha,2024-03-29,119 dosis
Vacunas Administradas por Fecha,2023-06-18,37 dosis
Vacunas Administradas por Fecha,2021-05-19,294 dosis
Vacunas Administradas por Fecha,2021-01-13,15 dosis
Vacunas Administradas por Fecha,2023-10-28,248 dosis
Vacunas Administradas por Fecha,2023-11-18,185 dosis
Vacunas Administradas por Fecha,2024-09-21,65 dosis
Vacunas Administradas por Fecha,2021-03-05,104 dosis
Vacunas Administradas por Fecha,2023-05-25,202 dosis
Vacunas Administradas por Fecha,2021-04-10,72 dosis
Vacunas Administradas por Fecha,2021-03-08,95 dosis
Vacunas Administradas por Fecha,2021-07-18,248 dosis
Vacunas Administradas por Fecha,2023-05-07,308 dosis
Vacunas Administradas por Fecha,2024-06-22,97 dosis
Vacunas Administradas por Fecha,2021-02-20,17 dosis
Vacunas Administradas por Fecha,2024-01-21,122 dosis
Vacunas Administradas por Fecha,2021-03-01,69 dosis
Vacunas Administradas por Fecha,2024-08-10,96 dosis
Vacunas Administradas por Fecha,2021-02-24,109 dosis
Vacunas Administradas por Fecha,2024-03-03,56 dosis
Vacunas Administradas por Fecha,2024-09-07,121 dosis
Vacunas Administradas por Fecha,2021-06-21,251 dosis
Vacunas Administradas por Fecha,2024-08-31,73 dosis
Vacunas Administradas por Fecha,2021-03-22,92 dosis
Vacunas Administradas por Fecha,2021-03-24,32 dosis
Vacunas Administradas por Fecha,2023-07-16,150 dosis
Vacunas Administradas por Fecha,2024-07-21,40 dosis
Vacunas Administradas por Fecha,2024-05-25,123 dosis
Vacunas Administradas por Fecha,2021-02-25,106 dosis
Vacunas Administradas por Fecha,2021-02-05,31 dosis
Vacunas Administradas por Fecha,2021-01-15,10 dosis
Vacunas Administradas por Fecha,2021-04-05,159 dosis
Vacunas Administradas por Fecha,2024-06-21,59 dosis
Vacunas Administradas por Fecha,2023-12-10,14 dosis
Vacunas Administradas por Fecha,2021-03-29,127 dosis
Vacunas Administradas por Fecha,2021-02-27,33 dosis
Vacunas Administradas por Fecha,2021-12-25,78 dosis
Vacunas Administradas por Fecha,2024-03-17,60 dosis
Vacunas Administradas por Fecha,2024-08-24,136 dosis
Vacunas Administradas por Fecha,2021-01-12,14 dosis
Vacunas Administradas por Fecha,2021-10-17,244 dosis
Vacunas Administradas por Fecha,2024-08-04,22 dosis
Vacunas Administradas por Fecha,2023-12-03,25 dosis
Vacunas Administradas por Fecha,2021-01-06,8 dosis
Vacunas Administradas por Fecha,2024-09-28,52 dosis
Vacunas Administradas por Fecha,2021-02-19,70 dosis
Vacunas Administradas por Fecha,2024-05-19,54 dosis
Vacunas Administradas por Fecha,2024-08-25,37 dosis
Vacunas Administradas por Fecha,2023-08-06,108 dosis
Vacunas Administradas por Fecha,2021-02-18,49 dosis
Vacunas Administradas por Fecha,2023-08-27,162 dosis
Vacunas Administradas por Fecha,2024-01-07,14 dosis
Vacunas Administradas por Fecha,2021-02-08,22 dosis
Vacunas Administradas por Fecha,2021-04-25,34 dosis
Vacunas Administradas por Fecha,2021-03-14,7 dosis
Vacunas Administradas por Fecha,2021-03-04,103 dosis
Vacunas Administradas por Fecha,2024-04-28,65 dosis
Vacunas Administradas por Fecha,2021-03-02,90 dosis
Vacunas Administradas por Fecha,2021-05-01,39 dosis
Vacunas Administradas por Fecha,2024-09-14,114 dosis
Vacunas Administradas por Fecha,2023-09-17,120 dosis
Vacunas Administradas por Fecha,2024-06-20,45 dosis
Vacunas Administradas por Fecha,2024-01-01,11 dosis
Vacunas Administradas por Fecha,2021-02-04,25 dosis
Vacunas Administradas por Fecha,2021-02-10,24 dosis
Vacunas Administradas por Fecha,2021-01-26,24 dosis
Vacunas Administradas por Fecha,2024-03-24,169 dosis
Vacunas Administradas por Fecha,2021-02-17,27 dosis
Vacunas Administradas por Fecha,2021-03-13,38 dosis
Vacunas Administradas por Fecha,2023-07-02,102 dosis
Vacunas Administradas por Fecha,2024-06-16,40 dosis
Vacunas Administradas por Fecha,2021-01-14,7 dosis
Vacunas Administradas por Fecha,2021-02-28,19 dosis
Vacunas Administradas por Fecha,2021-04-11,23 dosis
Vacunas Administradas por Fecha,2023-05-28,65 dosis
Vacunas Administradas por Fecha,2021-05-02,28 dosis
Vacunas Administradas por Fecha,2021-03-06,24 dosis
Vacunas Administradas por Fecha,2023-05-01,33 dosis
Vacunas Administradas por Fecha,2023-12-17,23 dosis
Vacunas Administradas por Fecha,2023-09-03,33 dosis
Vacunas Administradas por Fecha,2021-03-07,6 dosis
Vacunas Administradas por Fecha,2021-03-21,11 dosis
Vacunas Administradas por Fecha,2023-11-12,47 dosis
Vacunas Administradas por Fecha,2024-07-07,42 dosis
Vacunas Administradas por Fecha,2021-01-18,9 dosis
Vacunas Administradas por Fecha,2024-04-14,69 dosis
Vacunas Administradas por Fecha,2021-05-09,24 dosis
Vacunas Administradas por Fecha,2024-07-28,20 dosis
Vacunas Administradas por Fecha,2021-01-04,9 dosis
Vacunas Administradas por Fecha,2021-04-03,40 dosis
Vacunas Administradas por Fecha,2024-06-30,16 dosis
Vacunas Administradas por Fecha,2024-04-01,77 dosis
Vacunas Administradas por Fecha,2023-11-05,44 dosis
Vacunas Administradas por Fecha,2024-05-26,38 dosis
Vacunas Administradas por Fecha,2021-02-11,28 dosis
Vacunas Administradas por Fecha,2023-10-22,18 dosis
Vacunas Administradas por Fecha,2023-10-01,103 dosis
Vacunas Administradas por Fecha,2021-02-03,18 dosis
Vacunas Administradas por Fecha,2023-10-29,28 dosis
Vacunas Administradas por Fecha,2020-12-30,6 dosis
Vacunas Administradas por Fecha,2021-02-09,12 dosis
Vacunas Administradas por Fecha,2024-09-29,13 dosis
Vacunas Administradas por Fecha,2021-01-07,14 dosis
Vacunas Administradas por Fecha,2023-11-26,20 dosis
Vacunas Administradas por Fecha,2021-04-18,17 dosis
Vacunas Administradas por Fecha,2024-09-22,16 dosis
Vacunas Administradas por Fecha,2021-04-04,34 dosis
Vacunas Administradas por Fecha,2021-02-01,16 dosis
Vacunas Administradas por Fecha,2023-08-13,18 dosis
Vacunas Administradas por Fecha,2024-03-31,25 dosis
Vacunas Administradas por Fecha,2024-06-23,19 dosis
Vacunas Administradas por Fecha,2021-01-28,13 dosis
Vacunas Administradas por Fecha,2021-01-10,4 dosis
Vacunas Administradas por Fecha,2021-01-23,7 dosis
Vacunas Administradas por Fecha,2024-07-14,26 dosis
Vacunas Administradas por Fecha,2021-01-09,3 dosis
Vacunas Administradas por Fecha,2021-01-27,7 dosis
Vacunas Administradas por Fecha,2021-01-29,22 dosis
Vacunas Administradas por Fecha,2021-01-25,12 dosis
Vacunas Administradas por Fecha,2021-02-16,4 dosis
Vacunas Administradas por Fecha,2021-02-21,7 dosis
Vacunas Administradas por Fecha,2021-01-11,18 dosis
Vacunas Administradas por Fecha,2023-11-19,14 dosis
Vacunas Administradas por Fecha,2021-01-20,9 dosis
Vacunas Administradas por Fecha,2021-02-13,3 dosis
Vacunas Administradas por Fecha,2023-12-25,4 dosis
Vacunas Administradas por Fecha,2021-01-19,10 dosis
Vacunas Administradas por Fecha,2021-01-03,2 dosis
Vacunas Administradas por Fecha,2024-07-09,19 dosis
Vacunas Administradas por Fecha,2021-01-31,2 dosis
Vacunas Administradas por Fecha,2023-10-15,33 dosis
Vacunas Administradas por Fecha,2021-02-07,5 dosis
Vacunas Administradas por Fecha,2021-02-06,8 dosis
Vacunas Administradas por Fecha,2020-12-29,7 dosis
Vacunas Administradas por Fecha,2021-01-22,6 dosis
Vacunas Administradas por Fecha,2021-02-14,1 dosis
Vacunas Administradas por Fecha,2021-01-17,2 dosis
Vacunas Administradas por Fecha,2021-01-05,7 dosis
Vacunas Administradas por Fecha,2024-09-15,3 dosis
Vacunas Administradas por Fecha,2021-01-16,2 dosis
Vacunas Administradas por Fecha,2021-01-24,1 dosis
Vacunas Administradas por Fecha,2021-01-01,1 dosis
Vacunas Administradas por Fecha,2021-02-15,1 dosis
Vacunas Administradas por Fecha,2021-01-02,2 dosis
Vacunas Administradas por Fecha,2020-12-31,1 dosis
